industry,model,rmse,mae,dir_acc
动漫,ARIMA,2.056826104324198,1.233810483810185,0.47058823529411764
动漫,ARIMAX,1.067497610930176,0.9479436255273661,0.8235294117647058
文娱,ARIMA,0.814208028508362,0.470421184644986,0.8823529411764706
文娱,ARIMAX,0.5924214223529682,0.44715627959897575,0.5882352941176471
餐饮,ARIMA,0.6342690960641613,0.5622745127314719,0.35294117647058826
餐饮,ARIMAX,0.6562496257322263,0.5647642669363006,0.7647058823529411
汽车,ARIMA,2.1496010637516085,2.097370834691881,0.35294117647058826
汽车,ARIMAX,0.4047094318180167,0.30794602307381197,0.7058823529411765
家电,ARIMA,0.34921433883392183,0.25949866500391544,0.8823529411764706
家电,ARIMAX,0.6632058146174339,0.5722255278789605,0.23529411764705882
旅游,ARIMA,1.0685782093818235,1.0166461893160834,0.11764705882352941
旅游,ARIMAX,0.45566138817712415,0.3793974517565178,0.8235294117647058
